DscConjUndConsumidoras,DEC,FEC,Custo_Violacao_Continuidade_R$,Custo_Violacao_Tensao_R$,Custo_Compensacao_Geral_R$,Total_Compensacao_R$
RIO DAS EGUAS,5.254520547945205,1.4204109589041096,26180071.18,0.0,0.0,26180071.18
RIO BRANCO,2.1606849315068493,0.8436986301369863,23707945.93,0.0,0.0,23707945.93
CERRADO,1.443972602739726,0.85986301369863,22049234.38,0.0,0.0,22049234.38
RODA VELHA,1.61,0.7628767123287671,10034191.69,0.0,0.0,10034191.69
BARREIRAS,0.6835416666666667,0.3529166666666667,8107894.47,0.0,0.0,8107894.47
POSTO DA MATA,2.041780821917808,0.8456164383561643,7584664.36,0.0,0.0,7584664.36
"ITABUNA II 34,5kV",2.539375,0.888125,5786858.16,0.0,0.0,5786858.16
PORTO SEGURO,1.2433333333333334,0.5302083333333333,5700967.59,0.0,0.0,5700967.59
BETANIA,2.7710958904109586,0.8653424657534247,5617862.14,0.0,0.0,5617862.14
SAO CRISTOVAO,0.5391780821917808,0.36178082191780825,5443052.15,0.0,0.0,5443052.15
LAURO DE FREITAS,0.5957534246575342,0.3526027397260274,4953736.33,0.0,0.0,4953736.33
"EUNAPOLIS 34,5kV",2.2924657534246573,0.6645205479452054,4473654.41,0.0,0.0,4473654.41
RIO DAS PEDRAS,0.5389041095890411,0.44027397260273976,4411890.25,0.0,0.0,4411890.25
CATU,1.194109589041096,0.6171232876712328,4321631.67,0.0,0.0,4321631.67
CAMACA,2.995205479452055,0.856027397260274,4190817.42,0.0,0.0,4190817.42
GANDU,2.481095890410959,0.644931506849315,4121206.85,0.0,0.0,4121206.85
ITABUNA,1.7006249999999998,0.5908333333333333,4089158.68,0.0,0.0,4089158.68
"ITABUNA II 34,5kV",1.3703999999999998,0.49119999999999997,3903882.71,0.0,0.0,3903882.71
AMARALINA,0.5353424657534246,0.3301369863013699,3867303.29,0.0,0.0,3867303.29
MARAU I,2.9804000000000004,0.8108,3741007.34,0.0,0.0,3741007.34
JUNCO,1.7771232876712328,0.37616438356164383,3615832.8299999996,0.0,0.0,3615832.8299999996
CAMACARI  I,0.6991780821917808,0.3478082191780822,3518576.74,0.0,0.0,3518576.74
MEDEIROS NETO,1.9804109589041095,0.6997260273972602,3411485.58,0.0,0.0,3411485.58
ITAMARAJU,1.6882191780821918,0.6269863013698631,3380091.63,0.0,0.0,3380091.63
ITABEROE,3.6527083333333334,0.9754166666666667,3290549.86,0.0,0.0,3290549.86
CANDEAL,0.4075342465753425,0.28863013698630136,3197828.14,0.0,0.0,3197828.14
IPIAU,1.4412328767123286,0.4946575342465753,3168069.2,0.0,0.0,3168069.2
CIA III,0.7580821917808218,0.426027397260274,3001699.43,0.0,0.0,3001699.43
PITUACU II,0.4206849315068493,0.243972602739726,2913132.33,0.0,0.0,2913132.33
PITUBA,0.41520547945205477,0.3168493150684931,2889857.68,0.0,0.0,2889857.68
MARAU I,2.682916666666667,0.9360416666666667,2882584.0300000003,0.0,0.0,2882584.0300000003
MATARIPE,0.919041095890411,0.4106849315068493,2826945.19,0.0,0.0,2826945.19
COPEC,0.8824657534246576,0.47780821917808225,2740097.01,0.0,0.0,2740097.01
FEDERACAO,0.46301369863013697,0.2991780821917808,2688974.95,0.0,0.0,2688974.95
VALENCA,1.3826027397260272,0.48739726027397257,2626651.28,0.0,0.0,2626651.28
"ITABUNA 34,5kV",2.6736,0.882,2567573.11,0.0,0.0,2567573.11
COROA VERMELHA,1.3364383561643836,0.6553424657534247,2539657.48,0.0,0.0,2539657.48
CARRANCA,1.3826027397260272,0.5626027397260274,2538165.55,0.0,0.0,2538165.55
"EUNAPOLIS 13,8kV",1.2068,0.318,2511059.16,0.0,0.0,2511059.16
CIA II,1.2064383561643837,0.6434246575342466,2486770.54,0.0,0.0,2486770.54
REMANSO,1.6895890410958905,0.5645205479452055,2425352.45,0.0,0.0,2425352.45
TRANCOSO,2.6768,0.7084,2409608.92,0.0,0.0,2409608.92
CIA I,0.6080821917808219,0.40342465753424656,2288125.85,0.0,0.0,2288125.85
MANICOBA,2.0484931506849313,0.6597260273972603,2281393.57,0.0,0.0,2281393.57
CASA NOVA,1.5838356164383562,0.42054794520547945,2250971.19,0.0,0.0,2250971.19
GRACA,0.33520547945205476,0.23068493150684932,2224208.2,0.0,0.0,2224208.2
LENCOIS,1.1927397260273973,0.5883561643835616,2187429.7399999998,0.0,0.0,2187429.7399999998
DISTRITO INDUSTRIAL DE ILHEUS,1.4843835616438357,0.5652054794520548,2129134.13,0.0,0.0,2129134.13
ILHEUS,1.2179166666666668,0.774375,2110048.35,0.0,0.0,2110048.35
ILHEUS,1.252,0.7368000000000001,2105526.81,0.0,0.0,2105526.81
FUNIL - CHESF,2.2912328767123284,0.803972602739726,2069928.96,0.0,0.0,2069928.96
CENTRO ADMINISTRATIVO DA BAHIA,0.40479452054794524,0.23753424657534247,2047758.58,0.0,0.0,2047758.58
CURACA,1.5126027397260273,0.5395890410958905,2001432.3699999999,0.0,0.0,2001432.3699999999
PRADO,1.8150684931506849,0.7547945205479453,1931624.01,0.0,0.0,1931624.01
ITAPETINGA,0.715890410958904,0.3189041095890411,1871356.43,0.0,0.0,1871356.43
TEIXEIRA DE FREITAS,0.7225,0.5308333333333334,1825946.81,0.0,0.0,1825946.81
PATAGONIA,0.42424657534246574,0.26671232876712325,1782653.83,0.0,0.0,1782653.83
MUTUIPE,2.0968750000000003,0.7214583333333334,1759827.22,0.0,0.0,1759827.22
SAO DESIDERIO,1.0175999999999998,0.3696,1758534.1400000001,0.0,0.0,1758534.1400000001
CRUZ DAS ALMAS,1.1609589041095891,0.4390410958904109,1736459.81,0.0,0.0,1736459.81
JACOBINA,1.08125,0.45895833333333336,1718433.52,0.0,0.0,1718433.52
BRUMADO,0.7536986301369863,0.3295890410958904,1675621.88,0.0,0.0,1675621.88
ITINGA,0.44547945205479456,0.3064383561643836,1649429.35,0.0,0.0,1649429.35
MATATU - CHESF,0.3384931506849315,0.27986301369863015,1562591.39,0.0,0.0,1562591.39
RODELAS,1.332191780821918,0.25054794520547946,1536635.74,0.0,0.0,1536635.74
MAIQUINIQUE,1.1189041095890413,0.5394520547945206,1533617.6,0.0,0.0,1533617.6
"FEIRA DE SANTANA II 13,8kV",0.35890410958904106,0.24547945205479454,1490925.05,0.0,0.0,1490925.05
PATAMARES,0.4582191780821918,0.26575342465753427,1462620.92,0.0,0.0,1462620.92
MUCUGE,0.9060273972602739,0.4717808219178082,1460054.07,0.0,0.0,1460054.07
CAJAZEIRAS II,0.34123287671232877,0.2052054794520548,1420038.07,0.0,0.0,1420038.07
PONTO DO ASTERIO,0.9919178082191781,0.4002739726027397,1382579.27,0.0,0.0,1382579.27
LAPINHA,0.26465753424657534,0.1604109589041096,1348346.95,0.0,0.0,1348346.95
ALAGOINHAS,0.6475000000000001,0.3075,1312854.29,0.0,0.0,1312854.29
RETIRO,0.3402739726027397,0.20753424657534247,1299387.07,0.0,0.0,1299387.07
GUARAJUBA,1.1156164383561644,0.48890410958904107,1289070.61,0.0,0.0,1289070.61
"ITABUNA II 13,8kV",0.49291666666666667,0.33749999999999997,1231346.58,0.0,0.0,1231346.58
MALHADA,1.4116438356164382,0.4605479452054794,1218065.57,0.0,0.0,1218065.57
SANTO ANTONIO DE JESUS,0.7733333333333333,0.3425,1207416.49,0.0,0.0,1207416.49
ANGICAL,1.5236986301369864,0.5767123287671233,1204229.53,0.0,0.0,1204229.53
SANTO AMARO,0.9828767123287672,0.6231506849315068,1191721.48,0.0,0.0,1191721.48
FEIRA DE SANTANA  I,0.20410958904109588,0.13438356164383564,1185298.45,0.0,0.0,1185298.45
IMBUI,0.4582191780821918,0.2579452054794521,1172292.61,0.0,0.0,1172292.61
"EUNAPOLIS 13,8kV",0.4852083333333333,0.35541666666666666,1168495.04,0.0,0.0,1168495.04
PARIPE,0.38273972602739725,0.2638356164383562,1150822.43,0.0,0.0,1150822.43
ITAPAGIPE,0.30246575342465754,0.17671232876712328,1143075.42,0.0,0.0,1143075.42
SANTA MONICA,0.3628767123287671,0.25616438356164384,1142641.61,0.0,0.0,1142641.61
PORTO SEGURO,0.5632,0.26839999999999997,1138891.83,0.0,0.0,1138891.83
TOURAO,2.2414583333333336,0.6525,1111083.83,0.0,0.0,1111083.83
SAUIPE,2.484375,0.8112499999999999,1105136.15,0.0,0.0,1105136.15
MASSANGANO II,1.420625,0.609375,1082214.31,0.0,0.0,1082214.31
AGUAS CLARAS,0.30027397260273975,0.17273972602739726,1079651.31,0.0,0.0,1079651.31
ALAGOINHAS,0.6459999999999999,0.2256,1076481.07,0.0,0.0,1076481.07
ALCOBACA,1.6272602739726028,0.6524657534246576,1073651.91,0.0,0.0,1073651.91
JACOBINA,0.8303999999999999,0.35960000000000003,1070452.32,0.0,0.0,1070452.32
"FEIRA DE SANTANA  II 34,5kV",1.0578082191780822,0.5889041095890412,1036024.44,0.0,0.0,1036024.44
KM 43,0.7554794520547945,0.3680821917808219,1034346.68,0.0,0.0,1034346.68
PRES JANIO QUADROS,1.344931506849315,0.536986301369863,1021023.34,0.0,0.0,1021023.34
TEIXEIRA DE FREITAS,0.7492,0.38079999999999997,1015599.3200000001,0.0,0.0,1015599.3200000001
ENTRE RIOS,1.6943835616438356,0.44547945205479456,995926.2,0.0,0.0,995926.2
ESPLANADA,1.0915068493150686,0.43,982324.47,0.0,0.0,982324.47
DISTRITO INDUSTRIAL DE JUAZEIRO,0.5113698630136986,0.2502739726027397,962347.33,0.0,0.0,962347.33
IRECE,0.5291780821917809,0.23904109589041095,957915.87,0.0,0.0,957915.87
CONCEICAO DO COITE,0.8465753424657534,0.4072602739726027,949890.62,0.0,0.0,949890.62
AREMBEPE,0.9404166666666667,0.5177083333333333,940916.71,0.0,0.0,940916.71
SENHOR DO BONFIM,0.5756,0.2192,938938.3099999999,0.0,0.0,938938.3099999999
BARREIRAS NORTE,0.45630136986301373,0.31575342465753425,920558.64,0.0,0.0,920558.64
INHAMBUPE,1.599041095890411,0.5691780821917808,908438.27,0.0,0.0,908438.27
JAGUAQUARA,1.0401369863013699,0.43082191780821916,883381.28,0.0,0.0,883381.28
RIO DO ANTONIO,0.9521917808219179,0.38780821917808217,876649.75,0.0,0.0,876649.75
ITIUBA,1.0158333333333334,0.3252083333333333,851168.39,0.0,0.0,851168.39
ITAPEBI,1.8573972602739726,0.5165753424657534,849418.27,0.0,0.0,849418.27
SAO FELIPE,1.977945205479452,0.5965753424657534,838638.53,0.0,0.0,838638.53
CONDE,2.0735616438356166,0.6006849315068493,836406.0700000001,0.0,0.0,836406.0700000001
FONTE NOVA,0.24849315068493152,0.17547945205479454,820811.25,0.0,0.0,820811.25
POCOES,0.6927397260273973,0.2720547945205479,818864.93,0.0,0.0,818864.93
BARREIRAS,0.7315999999999999,0.3552,817246.6,0.0,0.0,817246.6
TOMBA,0.29458333333333336,0.21958333333333332,812793.3,0.0,0.0,812793.3
NAZARE,1.4873972602739727,0.6235616438356164,810928.67,0.0,0.0,810928.67
AMARGOSA,1.154794520547945,0.4191780821917808,794169.84,0.0,0.0,794169.84
JUAZEIRO DA BAHIA,0.3383333333333333,0.2577083333333334,781561.29,0.0,0.0,781561.29
SENTO SE,1.136849315068493,0.2947945205479452,774454.49,0.0,0.0,774454.49
ITABEROE,2.3572,0.5972,767675.0,0.0,0.0,767675.0
ITAMBE,1.2325,0.5447916666666667,755622.9199999999,0.0,0.0,755622.9199999999
SERRA,1.2831506849315069,0.5750684931506849,750712.33,0.0,0.0,750712.33
FORMOSO,1.3008000000000002,0.5404,745241.86,0.0,0.0,745241.86
CASTRO ALVES,1.388904109589041,0.51,742870.15,0.0,0.0,742870.15
CENTRAL AEREO,0.3427397260273973,0.283972602739726,732295.41,0.0,0.0,732295.41
MUNDO NOVO,1.0716438356164384,0.3612328767123288,729061.9,0.0,0.0,729061.9
OLINDINA - CHESF,1.1432876712328766,0.5716438356164383,726192.79,0.0,0.0,726192.79
MASSANGANO II,0.7487999999999999,0.2544,725811.8300000001,0.0,0.0,725811.8300000001
RIACHAO DAS NEVES,1.2845205479452053,0.7176712328767123,722784.99,0.0,0.0,722784.99
OLIVEIRA DOS BREJINHOS,1.1904109589041096,0.5298630136986301,718129.65,0.0,0.0,718129.65
JEQUIE  I,0.40123287671232877,0.2608219178082192,717873.72,0.0,0.0,717873.72
AMELIA RODRIGUES,1.3516666666666666,0.6775000000000001,700065.0,0.0,0.0,700065.0
CORRENTINA II,1.625890410958904,0.5673972602739726,698278.55,0.0,0.0,698278.55
BOQUIRA,0.9036986301369863,0.42534246575342466,694912.75,0.0,0.0,694912.75
TAQUIPE,0.9767123287671232,0.37452054794520545,694688.88,0.0,0.0,694688.88
GUANAMBI,0.6675,0.31479166666666664,694411.25,0.0,0.0,694411.25
CAMACARI  III,0.4491666666666667,0.3489583333333333,689410.79,0.0,0.0,689410.79
BARRA DA ESTIVA,0.9610416666666667,0.3564583333333333,683501.31,0.0,0.0,683501.31
VALENTE,0.8723287671232877,0.33493150684931505,676930.8,0.0,0.0,676930.8
CENTRAL SUBTERRANEO,0.5635616438356165,0.20452054794520547,676681.98,0.0,0.0,676681.98
TEOFILANDIA,0.6946575342465754,0.2821917808219178,656488.31,0.0,0.0,656488.31
GUANAMBI,0.7572,0.2384,653074.26,0.0,0.0,653074.26
JEREMOABO,0.9544,0.2816,652978.27,0.0,0.0,652978.27
SUBAE,0.7242465753424657,0.3641095890410959,652218.3099999999,0.0,0.0,652218.3099999999
BARRA,1.0746575342465754,0.45452054794520547,638606.9,0.0,0.0,638606.9
LIVRAMENTO DE BRUMADO,0.8391780821917808,0.357945205479452,632042.54,0.0,0.0,632042.54
RIO CORRENTE,1.3793750000000002,0.5970833333333333,619475.68,0.0,0.0,619475.68
JEQUIE  II,0.44780821917808217,0.24205479452054796,615843.4400000001,0.0,0.0,615843.4400000001
SANTO ANTONIO DE JESUS,0.5228,0.24480000000000002,614833.71,0.0,0.0,614833.71
SERRA DO RAMALHO,1.2582191780821919,0.413972602739726,613957.28,0.0,0.0,613957.28
CAJAZEIRAS  I,0.27506849315068493,0.17547945205479454,611252.7,0.0,0.0,611252.7
ANGELICA,0.35800000000000004,0.1972,608518.53,0.0,0.0,608518.53
DOM JOAO,1.0741095890410959,0.3915068493150685,594012.11,0.0,0.0,594012.11
PARATINGA,0.8865753424657534,0.5163013698630137,589817.34,0.0,0.0,589817.34
BERIBEIRA,0.9291666666666667,0.491875,581025.6,0.0,0.0,581025.6
MURITIBA,0.9973972602739727,0.3798630136986301,574729.62,0.0,0.0,574729.62
MUTUIPE,1.4396,0.498,573198.64,0.0,0.0,573198.64
MOXOTO - CHESF,0.797945205479452,0.44219178082191785,572702.45,0.0,0.0,572702.45
XIQUE-XIQUE,1.056027397260274,0.31589041095890413,571137.51,0.0,0.0,571137.51
"ITABUNA 13,8kV",0.45640000000000003,0.21960000000000002,561666.08,0.0,0.0,561666.08
PERIPERI,0.30561643835616437,0.1864383561643836,559763.9400000001,0.0,0.0,559763.9400000001
MILAGRES,0.9786301369863013,0.30726027397260275,550841.54,0.0,0.0,550841.54
SERRINHA,0.8139583333333333,0.39479166666666665,547150.94,0.0,0.0,547150.94
JEREMOABO,1.0125,0.5525,542353.0,0.0,0.0,542353.0
IACU,0.6864383561643835,0.2632876712328767,541773.19,0.0,0.0,541773.19
IBIPEBA,0.7541095890410958,0.2684931506849315,534605.88,0.0,0.0,534605.88
PEDRINHAS,1.0897260273972602,0.34671232876712327,532844.98,0.0,0.0,532844.98
LOBATO,0.36246575342465753,0.17904109589041095,532398.03,0.0,0.0,532398.03
MULUNGU - CHESF,0.8087671232876712,0.44890410958904114,510758.89,0.0,0.0,510758.89
SENHOR DO BONFIM,0.5397916666666667,0.22729166666666667,507532.24,0.0,0.0,507532.24
IRARA,1.0753424657534247,0.45863013698630145,502763.06,0.0,0.0,502763.06
VITORIA DA CONQUISTA,0.2966666666666667,0.20520833333333333,498885.36,0.0,0.0,498885.36
VITORIA DA CONQUISTA,0.2884,0.1148,480715.44,0.0,0.0,480715.44
EUCLIDES DA CUNHA,0.888125,0.3675,466283.54,0.0,0.0,466283.54
LICINIO DE ALMEIDA,1.0587671232876712,0.3113698630136986,458941.61,0.0,0.0,458941.61
PRESIDENTE TANCREDO NEVES,1.9024,0.4288,456970.61,0.0,0.0,456970.61
CAMACARI III,0.44520000000000004,0.1984,455962.18,0.0,0.0,455962.18
SOBRADINHO,0.8575,0.24375000000000002,455289.6,0.0,0.0,455289.6
ASA BRANCA,0.4317808219178082,0.2710958904109589,454806.05,0.0,0.0,454806.05
SAUIPE,2.2332,0.7044,451968.18,0.0,0.0,451968.18
AMERICA DOURADA,0.6987671232876712,0.2763013698630137,426629.1,0.0,0.0,426629.1
AMELIA RODRIGUES,1.1308,0.6388,423321.44,0.0,0.0,423321.44
TUCANO,1.0457534246575344,0.39095890410958906,421824.24,0.0,0.0,421824.24
TANHACU,0.8871232876712329,0.2734246575342466,413726.94,0.0,0.0,413726.94
PARAMIRIM,0.834931506849315,0.3790410958904109,410115.74,0.0,0.0,410115.74
SAO GONCALO DOS CAMPOS,0.9783561643835617,0.346027397260274,381140.55,0.0,0.0,381140.55
ABRANTES,0.6531999999999999,0.3024,374769.6,0.0,0.0,374769.6
FORMOSO,1.6677083333333333,0.6104166666666667,374271.21,0.0,0.0,374271.21
RIACHAO DO JACUIPE,0.7957534246575343,0.37383561643835617,369747.49,0.0,0.0,369747.49
BOM JESUS DA LAPA,0.5402739726027397,0.37424657534246575,368146.91,0.0,0.0,368146.91
CENTRO INDUSTRIAL TEIXEIRA DE FREITAS,0.53,0.2876,367659.46,0.0,0.0,367659.46
WAGNER,0.9845205479452055,0.506986301369863,359132.17,0.0,0.0,359132.17
BARRA GRANDE,0.856,0.318,356529.87,0.0,0.0,356529.87
SANTA BARBARA,0.9631506849315069,0.396027397260274,347647.95,0.0,0.0,347647.95
JOAO DOURADO,0.8152054794520548,0.3494520547945205,346615.97,0.0,0.0,346615.97
RIBEIRA DO POMBAL,0.6635616438356164,0.2519178082191781,329424.36,0.0,0.0,329424.36
CENTRO INDUSTRIAL DE FEIRA SANTANA,0.6923287671232876,0.3480821917808219,326822.66,0.0,0.0,326822.66
SAO MIGUEL,1.0585416666666667,0.5547916666666667,322357.19,0.0,0.0,322357.19
ANAGE,0.7726027397260273,0.25438356164383563,318774.72,0.0,0.0,318774.72
SAO ROQUE,1.3114583333333334,0.5014583333333333,318511.61,0.0,0.0,318511.61
AREMBEPE,0.7476,0.3256,312335.2,0.0,0.0,312335.2
BURACICA,2.36027397260274,0.6091780821917808,308773.25,0.0,0.0,308773.25
PONTO NOVO,0.9005479452054794,0.2821917808219178,308763.59,0.0,0.0,308763.59
ITANAGRA,5.009166666666666,0.9139583333333333,296642.7,0.0,0.0,296642.7
BARRA DO CHOCA,0.8412000000000001,0.2636,296053.94,0.0,0.0,296053.94
RIO FUNDO,2.858333333333333,1.0041666666666667,291423.95,0.0,0.0,291423.95
MODELO REDUZIDO - CHESF,0.3084931506849315,0.24205479452054796,286520.35,0.0,0.0,286520.35
MATARANDIBA,1.125890410958904,0.4754794520547945,280153.86,0.0,0.0,280153.86
JUAZEIRO DA BAHIA,0.3268,0.22440000000000002,279495.45,0.0,0.0,279495.45
MIGUEL CALMOM,0.8549315068493151,0.27246575342465756,277666.43,0.0,0.0,277666.43
PEDRA BRANCA,1.3567123287671234,0.29054794520547944,260848.2,0.0,0.0,260848.2
MACURURE,1.6375000000000002,0.455,247920.45,0.0,0.0,247920.45
BARRO VERMELHO,1.2891780821917809,0.4445205479452055,247200.59,0.0,0.0,247200.59
BARRA DA ESTIVA,0.7020000000000001,0.3096,245942.45,0.0,0.0,245942.45
MIROROS,0.8580821917808219,0.21767123287671233,237889.84,0.0,0.0,237889.84
IRECE ASA SUL,0.35547945205479453,0.20232876712328768,232010.52,0.0,0.0,232010.52
ITABERABA,0.4828767123287671,0.25904109589041097,227174.83,0.0,0.0,227174.83
JUAZEIRO IV,0.37,0.1672,208584.5,0.0,0.0,208584.5
"ITAMBE 34,5 kV",0.9444,0.41240000000000004,200924.28,0.0,0.0,200924.28
QUEIMADAS II,0.7108,0.22760000000000002,199747.83,0.0,0.0,199747.83
URANDI,1.4510416666666668,0.45770833333333333,199216.82,0.0,0.0,199216.82
SAO MIGUEL,0.6872,0.2336,189716.83,0.0,0.0,189716.83
IRAMAIA,1.3032,0.3556,186653.58,0.0,0.0,186653.58
SIMAO DIAS - ENERGIPE,0.96,0.4267123287671233,183887.63999999998,0.0,0.0,183887.63999999998
BONITO,1.3625,0.48854166666666665,183767.97,0.0,0.0,183767.97
MARAGOGIPE,1.7608,0.6352,183566.04,0.0,0.0,183566.04
SAO ROQUE,0.9004000000000001,0.262,175277.06,0.0,0.0,175277.06
CICERO DANTAS III,0.6023287671232876,0.24561643835616437,170526.65,0.0,0.0,170526.65
"ITAMBE 13,8 kV",0.8959999999999999,0.2812,169651.06,0.0,0.0,169651.06
CIPO,0.8168493150684932,0.29013698630136986,164568.65,0.0,0.0,164568.65
CAETITE,0.7279452054794521,0.29000000000000004,162896.19,0.0,0.0,162896.19
EUCLIDES DA CUNHA,0.9936,0.35240000000000005,154705.24,0.0,0.0,154705.24
SUBAUMA,2.2372,0.9364,152971.02,0.0,0.0,152971.02
EUNAPOLIS III,0.5072,0.20800000000000002,152204.76,0.0,0.0,152204.76
MORRO DO CHAPEU,0.946875,0.3364583333333333,147153.91,0.0,0.0,147153.91
SANTO ANTONIO DE JESUS III,1.16,0.38,142779.99,0.0,0.0,142779.99
CICERO DANTAS,0.6706849315068494,0.2753424657534247,140745.53,0.0,0.0,140745.53
SERRINHA,0.4644,0.2184,138383.65,0.0,0.0,138383.65
BARRA GRANDE,1.00375,0.3958333333333333,137548.74,0.0,0.0,137548.74
CABROBO - CELPE,1.9513698630136984,0.5923287671232877,136999.52,0.0,0.0,136999.52
TAPIRAMUTA,0.9550000000000001,0.2602083333333333,129448.19,0.0,0.0,129448.19
CAMACARI V,0.2712,0.1776,123959.18000000001,0.0,0.0,123959.18000000001
ITIUBA,0.7836,0.2104,122455.36,0.0,0.0,122455.36
NUCLEO PILAR/MINERACAO CARAIBA,0.8573972602739727,0.46684931506849314,120945.81,0.0,0.0,120945.81
SAUDE,0.9132000000000001,0.2852,119797.51,0.0,0.0,119797.51
RIACHO DE SANTANA,0.7672916666666666,0.29291666666666666,114078.52,0.0,0.0,114078.52
ANGELICA,1.171875,0.408125,111944.28,0.0,0.0,111944.28
MORRO DO CHAPEU,0.6995999999999999,0.2396,110473.81,0.0,0.0,110473.81
SAQUINHO - ENERGIPE,0.8924657534246576,0.4026027397260274,80409.99,0.0,0.0,80409.99
SANTA BRIGIDA,0.9004109589041096,0.3158904109589041,75396.86,0.0,0.0,75396.86
MONTE SANTO,0.636,0.3188,68550.73,0.0,0.0,68550.73
IGAPORA,1.286,0.466,64164.24,0.0,0.0,64164.24
SERRINHA II,0.6988,0.318,56743.99,0.0,0.0,56743.99
ZEBU,0.9927397260273972,0.24123287671232876,42178.22,0.0,0.0,42178.22
RIACHO DE SANTANA,0.6396000000000001,0.3044,41197.36,0.0,0.0,41197.36
POCO VERDE - ENERGIPE,0.8487671232876712,0.3015068493150685,31915.33,0.0,0.0,31915.33
